<?xml version='1.0' ?>
<slideshow classFile="SlideShowClasses.swf" >
	<classMapping packagePath="com.foed.applications.slideshow.slides" >
		<slides className="SlideCollection" />
		<blank className="BlankSlide" />
		<image className="ImageSlide" />
		<title className="TitleSlide" />
	</classMapping>
	<properties bgColor="0x000000">
		<transition>
			<CompositeTransition>
				<BlurTransition time="500" />
				<FadeTransition time="500" />
			</CompositeTransition>
		</transition>
		<blank time="1000" />
		<slides>
			<transition>
				<FadeTransition time="0" />
			</transition>
		</slides>
		<image time="1300">
			<transition>
				<FadeTransition time="1000" />
			</transition>
		</image>
	</properties>
	<slides>
		<blank time="-1" />
		<title text="The Town^I Came From" />
		<blank />
		<title text="Big City,^Big Headache" />
		<blank />
		<slides imageDirectory="images/" >
			<image file="p25.png" />
			<image file="p28.png" />
			<image file="p30.png" />
			<image file="p32.png" time="2000" />
			<image file="p38.png" />
		</slides>
		<blank />
		<title text="Friends and Music" />
		<blank />
	</slides>
</slideshow>