<?xml version="1.0" encoding="UTF-8"?>
<book>
  <author>
  	<authorName>Todd Yard</authorName>
  	<bookTitle>Object-oriented Actionscript 3.0</bookTitle>
  	<bookTitle>Object Oriented Actionscript for Flash 8</bookTitle>
  	<bookTitle>Macromedia Flash MX Components Most Wanted: Ready Made Drag 'n' Drop Design Solutions</bookTitle>
  	<bookTitle>Extending Macromedia Flash Mx 2004: Complete Guide and Reference to Javascript Flash</bookTitle>
  	<bookTitle>Macromedia Flash MX Studio</bookTitle>
  	<bookTitle>Build Your First Website with Macromedia Flash Mx</bookTitle>
  	<bookTitle>Macromedia Flash Mx Studio</bookTitle>
  </author>
  <author>
  	<authorName>Peter Elst</authorName>
  	<bookTitle>Object-oriented Actionscript 3.0</bookTitle>
  	<bookTitle>Object Oriented Actionscript for Flash 8</bookTitle>
  </author>
  <author>
  	<authorName>Sas Jacobs</authorName>
  	<bookTitle>Object-oriented Actionscript 3.0</bookTitle>
  	<bookTitle>Object Oriented Actionscript for Flash 8</bookTitle>
  	<bookTitle>Beginning XML with DOM and Ajax: From Novice to Professional</bookTitle>
  	<bookTitle>Foundation XML for Flash</bookTitle>
  </author>
</book>
