<?xml version="1.0" encoding="UTF-8"?>
<AllProducts>
	<product id="1" name="Shirt">
		<productDescription>Cotton shirt</productDescription>
		<productCost>25</productCost>
		<productOnSale>Yes</productOnSale>
	</product>
	<product id="2" name="Trousers">
		<productDescription>Linen trousers</productDescription>
		<productCost>72.50</productCost>
		<productOnSale>No</productOnSale>
	</product>
	<product id="3" name="Jacket">
			<productDescription>Leather jacket</productDescription>
			<productCost>150</productCost>
			<productOnSale>No</productOnSale>
	</product>
</AllProducts>
